player_name,player_id,season,poss,mp,raptor_offense,raptor_defense,raptor_total
Precious Achiuwa,achiupr01,2023,2328,1140,-1.77117981,-0.283672608,-2.054852418
Steven Adams,adamsst01,2023,2391,1133,0.416278908,3.550985038,3.967263946
Bam Adebayo,adebaba01,2023,6933,3448,-1.279139764,2.528053482,1.248913718
Ochai Agbaji,agbajoc01,2023,2604,1209,raptor_offense,raptor_defense,raptor_total
Santi Aldama,aldamsa01,2023,3824,1783,-0.38597351,4.743514728,4.357541218
Nickeil Alexander-Walker,alexani01,2023,2185,1032,-0.139953487,6.149377773,6.009424286
Grayson Allen,allengr01,2023,4534,2121,0.106066536,7.555240818,7.661307354
Jarrett Allen,allenja01,2023,4833,2411,raptor_offense,raptor_defense,raptor_total
Jose Alvarado,alvarjo01,2023,2778,1310,0.352086558,8.961103863,9.313190421
Kyle Anderson,anderky01,2023,4359,2061,0.598106581,10.36696691,10.96507349
Giannis Antetokounmpo,antetgi01,2023,4574,2115,0.844126604,11.77282995,12.61695656
Thanasis Antetokounmpo,antetth01,2023,460,211,raptor_offense,raptor_defense,raptor_total
Cole Anthony,anthoco01,2023,3230,1552,1.090146627,13.178693,14.26883963
O.G. Anunoby,anunoog01,2023,4888,2386,1.336166649,14.58455604,15.92072269
Ryan Arcidiacono,arcidry01,2023,375,172,1.582186672,15.99041909,17.57260576
Deni Avdija,avdijde01,2023,4198,2020,raptor_offense,raptor_defense,raptor_total
Deandre Ayton,aytonde01,2023,4842,2354,1.828206695,17.39628213,19.22448883
Udoka Azubuike,azubuud01,2023,785,359,2.074226718,18.80214518,20.8763719
Marvin Bagley III,baglema01,2023,2066,990,2.32024674,20.20800822,22.52825496
Patrick Baldwin Jr.,baldwpa01,2023,507,237,raptor_offense,raptor_defense,raptor_total
LaMelo Ball,ballla01,2023,2757,1268,2.566266763,21.61387127,24.18013803
Mo Bamba,bambamo01,2023,1613,779,2.812286786,23.01973431,25.8320211
Paolo Banchero,banchpa01,2023,5096,2430,3.058306808,24.42559736,27.48390417
Desmond Bane,banede01,2023,4448,2072,raptor_offense,raptor_defense,raptor_total
Dalano Banton,bantoda01,2023,588,279,3.304326831,25.8314604,29.13578724
Dominick Barlow,barlodo01,2023,893,408,3.550346854,27.23732345,30.7876703
Harrison Barnes,barneha02,2023,6075,2858,3.796366877,28.6431865,32.43955337
Scottie Barnes,barnesc01,2023,5507,2678,raptor_offense,raptor_defense,raptor_total
RJ Barrett,barrerj01,2023,5830,2852,4.042386899,30.04904954,34.09143644
Will Barton,bartowi01,2023,2072,993,4.288406922,31.45491259,35.74331951
Charles Bassey,bassech01,2023,1093,508,4.534426945,32.86077563,37.39520258
Keita Bates-Diop,bateske01,2023,3121,1452,raptor_offense,raptor_defense,raptor_total
Nicolas Batum,batumni01,2023,3802,1801,4.780446967,34.26663868,39.04708564
Darius Bazley,bazleda01,2023,1308,616,5.02646699,35.67250172,40.69896871
Bradley Beal,bealbr01,2023,3414,1673,5.272487013,37.07836477,42.35085178
Malik Beasley,beaslma01,2023,4649,2184,raptor_offense,raptor_defense,raptor_total
MarJon Beauchamp,beaucma01,2023,1516,706,5.518507036,38.48422781,44.00273485
Davis Bertans,bertada01,2023,1028,492,5.764527058,39.89009086,45.65461791
Patrick Beverley,beverpa01,2023,3786,1816,6.010547081,41.2959539,47.30650098
Saddiq Bey,beysa01,2023,4830,2262,raptor_offense,raptor_defense,raptor_total
Khem Birch,birchkh01,2023,331,162,6.256567104,42.70181695,48.95838405
Goga Bitadze,bitadgo01,2023,955,457,6.502587126,44.10767999,50.61026712
Bismack Biyombo,biyombi01,2023,1973,952,6.748607149,45.51354304,52.26215019
Buddy Boeheim,boehebu01,2023,187,90,raptor_offense,raptor_defense,raptor_total
Bogdan Bogdanovic,bogdabo01,2023,3514,1665,6.994627172,46.91940608,53.91403325
Bojan Bogdanovic,bogdabo02,2023,3990,1893,7.240647195,48.32526913,55.56591632
Bol Bol,bolbo01,2023,3165,1505,7.486667217,49.73113217,57.21779939
Leandro Bolmaro,bolmale01,2023,147,68,raptor_offense,raptor_defense,raptor_total
Devin Booker,bookede01,2023,4744,2294,7.73268724,51.13699522,58.86968246
Brandon Boston Jr.,bostobr01,2023,531,249,7.978707263,52.54285826,60.52156553
Chris Boucher,bouchch01,2023,3125,1523,8.224727285,53.94872131,62.17344859
James Bouknight,bouknja01,2023,1097,515,raptor_offense,raptor_defense,raptor_total
Jamaree Bouyea,bouyeja01,2023,138,71,8.470747308,55.35458435,63.82533166
Tony Bradley,bradlto01,2023,80,33,8.716767331,56.7604474,65.47721473
Malaki Branham,branhma01,2023,3370,1550,8.962787354,58.16631044,67.1290978
Jarrell Brantley,brantja01,2023,80,39,raptor_offense,raptor_defense,raptor_total
Christian Braun,braunch01,2023,2952,1428,9.208807376,59.57217349,68.78098086
Mikal Bridges,bridgmi01,2023,6380,3120,9.454827399,60.97803653,70.43286393
Oshae Brissett,brissos01,2023,2306,1083,9.700847422,62.38389958,72.084747
Malcolm Brogdon,brogdma01,2023,4593,2218,raptor_offense,raptor_defense,raptor_total
Dillon Brooks,brookdi01,2023,5051,2381,9.946867444,63.78976262,73.73663007
Bruce Brown,brownbr01,2023,5766,2810,10.19288747,65.19562567,75.38851314
Greg Brown III,browngr01,2023,203,93,10.43890749,66.60148871,77.0403962
Jaylen Brown,brownja02,2023,6542,3156,raptor_offense,raptor_defense,raptor_total
Kendall Brown,brownke03,2023,98,40,10.68492751,68.00735176,78.69227927
Moses Brown,brownmo01,2023,623,294,10.93094754,69.4132148,80.34416234
Sterling Brown,brownst02,2023,60,24,11.17696756,70.81907785,81.99604541
Troy Brown Jr.,browntr01,2023,4221,1984,raptor_offense,raptor_defense,raptor_total
Jalen Brunson,brunsja01,2023,5693,2822,11.42298758,72.22494089,83.64792848
Thomas Bryant,bryanth01,2023,2301,1081,11.6690076,73.63080394,85.29981154
Reggie Bullock,bullore01,2023,4789,2364,11.91502763,75.03666698,86.95169461
Alec Burks,burksal01,2023,2413,1122,raptor_offense,raptor_defense,raptor_total
Deonte Burton,burtode02,2023,14,6,12.16104765,76.44253003,88.60357768
Jared Butler,butleja02,2023,165,77,12.40706767,77.84839308,90.25546075
Jimmy Butler,butleji01,2023,6056,3012,12.65308769,79.25425612,91.90734381
John Butler Jr.,butlejo01,2023,483,221,raptor_offense,raptor_defense,raptor_total
Jamal Cain,cainja01,2023,514,240,12.89910772,80.66011917,93.55922688
Kentavious Caldwell-Pope,caldwke01,2023,6336,3052,13.14512774,82.06598221,95.21110995
Facundo Campazzo,campafa01,2023,108,52,13.39114776,83.47184526,96.86299302
Vlatko Cancar,cancavl01,2023,1865,899,raptor_offense,raptor_defense,raptor_total
Clint Capela,capelca01,2023,4036,1881,13.63716779,84.8777083,98.51487609
Vernon Carey Jr.,careyve01,2023,61,28,13.88318781,86.28357135,100.1667592
Jevon Carter,carteje01,2023,3979,1859,14.12920783,87.68943439,101.8186422
Michael Carter-Williams,cartemi01,2023,90,44,raptor_offense,raptor_defense,raptor_total
Wendell Carter Jr.,cartewe01,2023,3527,1690,14.37522785,89.09529744,103.4705253
Alex Caruso,carusal01,2023,3274,1575,14.62124788,90.50116048,105.1224084
Justin Champagnie,champju01,2023,88,44,14.8672679,91.90702353,106.7742914
Julian Champagnie,champju02,2023,696,320,raptor_offense,raptor_defense,raptor_total
Kennedy Chandler,chandke01,2023,605,281,15.11328792,93.31288657,108.4261745
Josh Christopher,chrisjo01,2023,1642,786,15.35930794,94.71874962,110.0780576
Max Christie,chrisma02,2023,1176,545,15.60532797,96.12461266,111.7299406
Brandon Clarke,clarkbr01,2023,2362,1090,raptor_offense,raptor_defense,raptor_total
Jordan Clarkson,clarkjo01,2023,4164,1988,15.85134799,97.53047571,113.3818237
Nic Claxton,claxtni01,2023,4890,2388,16.09736801,98.93633875,115.0337068
Amir Coffey,coffeam01,2023,1320,626,16.34338804,100.3422018,116.6855898
John Collins,collijo01,2023,4907,2294,raptor_offense,raptor_defense,raptor_total
Zach Collins,colliza01,2023,3124,1441,16.58940806,101.7480648,118.3374729
Chance Comanche,comanch01,2023,45,21,16.83542808,103.1539279,119.989356
Mike Conley,conlemi01,2023,4597,2212,17.0814481,104.5597909,121.641239
Pat Connaughton,connapa01,2023,3300,1531,raptor_offense,raptor_defense,raptor_total
Xavier Cooks,cooksxa01,2023,285,126,17.32746813,105.965654,123.2931221
Robert Covington,covinro01,2023,1659,791,17.57348815,107.371517,124.9450052
Torrey Craig,craigto01,2023,4428,2131,17.81950817,108.7773801,126.5968882
Jae Crowder,crowdja01,2023,832,381,raptor_offense,raptor_defense,raptor_total
Jarrett Culver,culveja01,2023,296,137,18.06552819,110.1832431,128.2487713
Cade Cunningham,cunnica01,2023,853,400,18.31154822,111.5891062,129.9006544
Seth Curry,curryse01,2023,2641,1269,18.55756824,112.9949692,131.5525374
Stephen Curry,curryst01,2023,5300,2434,raptor_offense,raptor_defense,raptor_total
Dyson Daniels,daniedy01,2023,2240,1042,18.80358826,114.4008322,133.2044205
Anthony Davis,davisan02,2023,5327,2512,19.04960828,115.8066953,134.8563036
JD Davison,davisjd01,2023,140,66,19.29562831,117.2125583,136.5081866
Johnny Davis,davisjo06,2023,905,423,raptor_offense,raptor_defense,raptor_total
Terence Davis,daviste02,2023,1951,899,19.54164833,118.6184214,138.1600697
Darius Days,daysda01,2023,53,25,19.78766835,120.0242844,139.8119528
Dewayne Dedmon,dedmode01,2023,920,431,20.03368838,121.4301475,141.4638359
Matthew Dellavedova,dellama01,2023,474,213,raptor_offense,raptor_defense,raptor_total
DeMar DeRozan,derozde01,2023,5577,2682,20.2797084,122.8360105,143.1157189
Moussa Diabate,diabamo01,2023,416,195,20.52572842,124.2418736,144.767602
Mamadi Diakite,diakima01,2023,352,176,20.77174844,125.6477366,146.4194851
Hamidou Diallo,diallha01,2023,2138,996,raptor_offense,raptor_defense,raptor_total
Gorgui Dieng,dienggo01,2023,769,358,21.01776847,127.0535997,148.0713681
Ousmane Dieng,diengou01,2023,1217,569,21.26378849,128.4594627,149.7232512
Spencer Dinwiddie,dinwisp01,2023,5768,2884,21.50980851,129.8653257,151.3751343
Donte DiVincenzo,divindo01,2023,4626,2129,raptor_offense,raptor_defense,raptor_total
Luka Doncic,doncilu01,2023,4863,2391,21.75582853,131.2711888,153.0270173
Tyler Dorsey,dorsety01,2023,16,8,22.00184856,132.6770518,154.6789004
Luguentz Dort,dortlu01,2023,4874,2272,22.24786858,134.0829149,156.3307835
Ayo Dosunmu,dosunay01,2023,4405,2098,raptor_offense,raptor_defense,raptor_total
Devon Dotson,dotsode01,2023,108,53,22.4938886,135.4887779,157.9826665
Jeff Dowtin Jr.,dowtije01,2023,523,259,22.73990863,136.894641,159.6345496
PJ Dozier,doziepj01,2023,181,85,22.98592865,138.300504,161.2864327
Goran Dragic,dragigo01,2023,1885,877,raptor_offense,raptor_defense,raptor_total
Andre Drummond,drumman01,2023,1799,849,23.23194867,139.7063671,162.9383157
Chris Duarte,duartch01,2023,1918,897,23.47796869,141.1122301,164.5901988
David Duke Jr.,dukeda01,2023,495,233,23.72398872,142.5180932,166.2420819
Kris Dunn,dunnkr01,2023,1245,568,raptor_offense,raptor_defense,raptor_total
Kevin Durant,duranke01,2023,4410,2138,23.97000874,143.9239562,167.8939649
Jalen Duren,durenja01,2023,3489,1670,24.21602876,145.3298192,169.545848
Tari Eason,easonta01,2023,3753,1767,24.46204878,146.7356823,171.1977311
Anthony Edwards,edwaran01,2023,6418,3041,raptor_offense,raptor_defense,raptor_total
Kessler Edwards,edwarke02,2023,834,392,24.70806881,148.1415453,172.8496141
Keon Ellis,elliske01,2023,147,71,24.95408883,149.5474084,174.5014972
Joel Embiid,embiijo01,2023,5286,2620,25.20010885,150.9532714,176.1533803
Drew Eubanks,eubandr01,2023,3311,1584,raptor_offense,raptor_defense,raptor_total
Bruno Fernando,fernabr01,2023,844,405,25.44612888,152.3591345,177.8052633
Dorian Finney-Smith,finnedo01,2023,4251,2110,25.6921489,153.7649975,179.4571464
Malachi Flynn,flynnma01,2023,1426,691,25.93816892,155.1708606,181.1090295
Simone Fontecchio,fontesi01,2023,1675,766,raptor_offense,raptor_defense,raptor_total
Bryn Forbes,forbebr01,2023,580,268,26.18418894,156.5767236,182.7609125
Trent Forrest,forretr01,2023,586,277,26.43020897,157.9825866,184.4127956
Michael Foster Jr.,fostemi02,2023,2,1,26.67622899,159.3884497,186.0646787
Evan Fournier,fournev01,2023,961,459,raptor_offense,raptor_defense,raptor_total
De'Aaron Fox,foxde01,2023,5829,2705,26.92224901,160.7943127,187.7165618
Markelle Fultz,fultzma01,2023,3750,1778,27.16826903,162.2001758,189.3684448
Wenyen Gabriel,gabriwe01,2023,2298,1061,27.41428906,163.6060388,191.0203279
Daniel Gafford,gaffoda01,2023,3338,1604,raptor_offense,raptor_defense,raptor_total
Darius Garland,garlada01,2023,5317,2636,27.66030908,165.0119019,192.672211
Usman Garuba,garubus01,2023,2070,970,27.9063291,166.4177649,194.324094
Luka Garza,garzalu01,2023,539,243,28.15234913,167.823628,195.9759771
Rudy Gay,gayru01,2023,1753,816,raptor_offense,raptor_defense,raptor_total
Paul George,georgpa01,2023,3977,1939,28.39836915,169.229491,197.6278602
Taj Gibson,gibsota01,2023,995,480,28.64438917,170.6353541,199.2797432
Josh Giddey,giddejo01,2023,5088,2367,28.89040919,172.0412171,200.9316263
Shai Gilgeous-Alexander,gilgesh01,2023,5208,2416,raptor_offense,raptor_defense,raptor_total
Anthony Gill,gillan01,2023,1320,624,29.13642922,173.4470801,202.5835094
Jacob Gilyard,gilyaja01,2023,87,41,29.38244924,174.8529432,204.2353924
Rudy Gobert,goberru01,2023,4837,2325,29.62846926,176.2588062,205.8872755
Jordan Goodwin,goodwjo01,2023,2345,1106,raptor_offense,raptor_defense,raptor_total
Aaron Gordon,gordoaa01,2023,5715,2768,29.87448928,177.6646693,207.5391586
Eric Gordon,gordoer01,2023,4498,2114,30.12050931,179.0705323,209.1910416
Devonte' Graham,grahade01,2023,2848,1338,30.36652933,180.4763954,210.8429247
Jerami Grant,grantje01,2023,4636,2246,raptor_offense,raptor_defense,raptor_total
RaiQuan Gray,grayra01,2023,73,35,30.61254935,181.8822584,212.4948078
AJ Green,greenaj01,2023,740,345,30.85856938,183.2881215,214.1466908
Danny Green,greenda02,2023,366,178,31.1045894,184.6939845,215.7985739
Draymond Green,greendr01,2023,5768,2664,raptor_offense,raptor_defense,raptor_total
JaMychal Green,greenja01,2023,1852,846,31.35060942,186.0998476,217.450457
Javonte Green,greenja02,2023,1023,480,31.59662944,187.5057106,219.10234
Jalen Green,greenja05,2023,5456,2602,31.84264947,188.9115736,220.7542231
Jeff Green,greenje02,2023,2943,1434,raptor_offense,raptor_defense,raptor_total
Josh Green,greenjo02,2023,3173,1539,32.08866949,190.3174367,222.4061062
AJ Griffin,griffaj01,2023,2997,1401,32.33468951,191.7232997,224.0579892
Blake Griffin,griffbl01,2023,1197,575,32.58070953,193.1291628,225.7098723
Quentin Grimes,grimequ01,2023,4807,2363,raptor_offense,raptor_defense,raptor_total
Rui Hachimura,hachiru01,2023,3939,1854,32.82672956,194.5350258,227.3617554
Tyrese Haliburton,halibty01,2023,3980,1883,33.07274958,195.9408889,229.0136384
Jordan Hall,halljo02,2023,176,83,33.3187696,197.3467519,230.6655215
R.J. Hampton,hamptrj01,2023,1558,750,raptor_offense,raptor_defense,raptor_total
Tim Hardaway Jr.,hardati02,2023,4367,2152,33.56478963,198.752615,232.3174046
James Harden,hardeja01,2023,5091,2562,33.81080965,200.158478,233.9692877
Jaden Hardy,hardyja02,2023,1495,708,34.05682967,201.564341,235.6211707
Ron Harper Jr.,harpero02,2023,98,48,raptor_offense,raptor_defense,raptor_total
Montrezl Harrell,harremo01,2023,1451,688,34.30284969,202.9702041,237.2730538
Gary Harris,harriga01,2023,2478,1184,34.54886972,204.3760671,238.9249369
Joe Harris,harrijo01,2023,3276,1571,34.79488974,205.7819302,240.5768199
Kevon Harris,harrike01,2023,960,457,raptor_offense,raptor_defense,raptor_total
Shaquille Harrison,harrish01,2023,320,148,35.04090976,207.1877932,242.228703
Tobias Harris,harrito02,2023,5657,2828,35.28692978,208.5936563,243.8805861
Isaiah Hartenstein,harteis01,2023,3824,1846,35.53294981,209.9995193,245.5324691
Josh Hart,hartjo01,2023,5752,2807,raptor_offense,raptor_defense,raptor_total
Udonis Haslem,hasleud01,2023,161,74,35.77896983,211.4053824,247.1843522
Sam Hauser,hausesa01,2023,2946,1394,36.02498985,212.8112454,248.8362353
Jaxson Hayes,hayesja02,2023,1300,610,36.27100988,214.2171085,250.4881183
Killian Hayes,hayeski01,2023,4498,2154,raptor_offense,raptor_defense,raptor_total
Gordon Hayward,haywago01,2023,3384,1577,36.5170299,215.6229715,252.1400014
Juancho Hernangomez,hernaju01,2023,1269,614,36.76304992,217.0288345,253.7918845
Willy Hernangomez,hernawi01,2023,995,458,37.00906994,218.4346976,255.4437675
Tyler Herro,herroty01,2023,4772,2356,raptor_offense,raptor_defense,raptor_total
Buddy Hield,hieldbu01,2023,5277,2482,37.25508997,219.8405606,257.0956506
Haywood Highsmith,highsha01,2023,2307,1130,37.50110999,221.2464237,258.7475337
George Hill,hillge01,2023,1777,834,37.74713001,222.6522867,260.3994167
Malcolm Hill,hillma01,2023,23,9,raptor_offense,raptor_defense,raptor_total
Aaron Holiday,holidaa01,2023,1826,849,37.99315003,224.0581498,262.0512998
Jrue Holiday,holidjr01,2023,5086,2374,38.23917006,225.4640128,263.7031829
Justin Holiday,holidju01,2023,1536,706,38.48519008,226.8698759,265.3550659
Richaun Holmes,holmeri01,2023,743,348,raptor_offense,raptor_defense,raptor_total
Al Horford,horfoal01,2023,5234,2539,38.7312101,228.2757389,267.006949
Talen Horton-Tucker,hortota01,2023,2830,1313,38.97723012,229.681602,268.6588321
Danuel House Jr.,houseda01,2023,1786,849,39.22325015,231.087465,270.3107151
Caleb Houstan,houstca01,2023,1703,812,raptor_offense,raptor_defense,raptor_total
Trevor Hudgins,hudgitr01,2023,57,28,39.46927017,232.493328,271.9625982
Kevin Huerter,huertke01,2023,5006,2386,39.71529019,233.8991911,273.6144813
Jay Huff,huffja01,2023,214,95,39.96131022,235.3050541,275.2663643
De'Andre Hunter,huntede01,2023,5026,2350,raptor_offense,raptor_defense,raptor_total
Bones Hyland,hylanbo01,2023,2412,1167,40.20733024,236.7109172,276.9182474
Serge Ibaka,ibakase01,2023,382,185,40.45335026,238.1167802,278.5701305
Andre Iguodala,iguodan01,2023,256,113,40.69937028,239.5226433,280.2220136
Joe Ingles,inglejo01,2023,2456,1133,raptor_offense,raptor_defense,raptor_total
Brandon Ingram,ingrabr01,2023,3168,1538,40.94539031,240.9285063,281.8738966
Kyrie Irving,irvinky01,2023,4597,2241,41.19141033,242.3343694,283.5257797
Jonathan Isaac,isaacjo01,2023,257,124,41.43743035,243.7402324,285.1776628
Jaden Ivey,iveyja01,2023,4824,2304,raptor_offense,raptor_defense,raptor_total
Frank Jackson,jacksfr01,2023,9,5,41.68345037,245.1460954,286.8295458
Isaiah Jackson,jacksis01,2023,2265,1042,41.9294704,246.5519585,288.4814289
Jaren Jackson Jr.,jacksja02,2023,4310,2007,42.17549042,247.9578215,290.133312
Justin Jackson,jacksju01,2023,226,107,raptor_offense,raptor_defense,raptor_total
Quenton Jackson,jacksqu01,2023,302,135,42.42151044,249.3636846,291.785195
Reggie Jackson,jacksre01,2023,3436,1675,42.66753047,250.7695476,293.4370781
LeBron James,jamesle01,2023,5487,2573,42.91355049,252.1754107,295.0889612
DaQuan Jeffries,jeffrda01,2023,12,5,raptor_offense,raptor_defense,raptor_total
Ty Jerome,jeromty01,2023,1739,816,43.15957051,253.5812737,296.7408442
Isaiah Joe,joeis01,2023,3006,1395,43.40559053,254.9871368,298.3927273
Alize Johnson,johnsal02,2023,64,30,43.65161056,256.3929998,300.0446104
Cameron Johnson,johnsca02,2023,2765,1351,raptor_offense,raptor_defense,raptor_total
James Johnson,johnsja01,2023,353,162,43.89763058,257.7988629,301.6964934
Jalen Johnson,johnsja05,2023,2361,1098,44.1436506,259.2047259,303.3483765
Keldon Johnson,johnske04,2023,4372,2063,44.38967062,260.6105889,305.0002596
Keon Johnson,johnske07,2023,890,416,raptor_offense,raptor_defense,raptor_total
Stanley Johnson,johnsst04,2023,1015,469,44.63569065,262.016452,306.6521426
Nikola Jokic,jokicni01,2023,6435,3112,44.88171067,263.422315,308.3040257
Carlik Jones,jonesca03,2023,121,56,45.12773069,264.8281781,309.9559088
Damian Jones,jonesda03,2023,1042,477,raptor_offense,raptor_defense,raptor_total
Derrick Jones Jr.,jonesde02,2023,1888,893,45.37375072,266.2340411,311.6077918
Herbert Jones,joneshe01,2023,4036,1951,45.61977074,267.6399042,313.2596749
Kai Jones,joneska01,2023,1170,550,45.86579076,269.0457672,314.911558
Tre Jones,jonestr01,2023,4249,1984,raptor_offense,raptor_defense,raptor_total
Tyus Jones,jonesty01,2023,4386,2060,46.11181078,270.4516303,316.563441
DeAndre Jordan,jordade01,2023,1253,600,46.35783081,271.8574933,318.2153241
Cory Joseph,josepco01,2023,2543,1227,46.60385083,273.2633564,319.8672072
Nikola Jovic,jovicni01,2023,450,217,raptor_offense,raptor_defense,raptor_total
Johnny Juzang,juzanjo01,2023,508,232,46.84987085,274.6692194,321.5190902
Mfiondu Kabengele,kabenmf01,2023,71,36,47.09589087,276.0750824,323.1709733
Frank Kaminsky,kaminfr01,2023,499,235,47.3419109,277.4809455,324.8228564
Trevor Keels,keelstr01,2023,19,8,raptor_offense,raptor_defense,raptor_total
Luke Kennard,kennalu01,2023,2975,1422,47.58793092,278.8868085,326.4747395
Walker Kessler,kesslwa01,2023,3600,1703,47.83395094,280.2926716,328.1266225
Braxton Key,keybr01,2023,21,9,48.07997097,281.6985346,329.7785056
Louis King,kinglo02,2023,63,29,raptor_offense,raptor_defense,raptor_total
Corey Kispert,kispeco01,2023,4370,2093,48.32599099,283.1043977,331.4303887
Maxi Kleber,klebima01,2023,1915,930,48.57201101,284.5102607,333.0822717
Nathan Knight,knighna01,2023,655,296,48.81803103,285.9161238,334.7341548
Kevin Knox II,knoxke01,2023,2062,952,raptor_offense,raptor_defense,raptor_total
Christian Koloko,kolokch01,2023,1680,802,49.06405106,287.3219868,336.3860379
John Konchar,konchjo01,2023,3305,1543,49.31007108,288.7278498,338.0379209
Furkan Korkmaz,korkmfu01,2023,780,364,49.5560911,290.1337129,339.689804
Luke Kornet,kornelu01,2023,1760,836,raptor_offense,raptor_defense,raptor_total
Vit Krejci,krejcvi01,2023,347,165,49.80211112,291.5395759,341.3416871
Jonathan Kuminga,kuminjo01,2023,3121,1455,50.04813115,292.945439,342.9935701
Kyle Kuzma,kuzmaky01,2023,4683,2239,50.29415117,294.351302,344.6454532
Anthony Lamb,lamban01,2023,2618,1226,raptor_offense,raptor_defense,raptor_total
Jock Landale,landajo01,2023,2308,1092,50.54017119,295.7571651,346.2973363
Romeo Langford,langfro01,2023,1822,844,50.78619122,297.1630281,347.9492193
Jake LaRavia,laravja01,2023,883,414,51.03221124,298.5688912,349.6011024
Zach LaVine,lavinza01,2023,5749,2768,raptor_offense,raptor_defense,raptor_total
A.J. Lawson,lawsoaj01,2023,239,108,51.27823126,299.9747542,351.2529855
Damion Lee,leeda03,2023,3353,1595,51.52425128,301.3806173,352.9048685
Saben Lee,leesa01,2023,805,373,51.77027131,302.7864803,354.5567516
Alex Len,lenal01,2023,482,215,raptor_offense,raptor_defense,raptor_total
Kawhi Leonard,leonaka01,2023,3760,1828,52.01629133,304.1923433,356.2086347
Meyers Leonard,leoname01,2023,256,119,52.26231135,305.5982064,357.8605177
Caris LeVert,leverca01,2023,4880,2407,52.50833137,307.0040694,359.5124008
Kira Lewis Jr.,lewiski01,2023,498,235,raptor_offense,raptor_defense,raptor_total
Damian Lillard,lillada01,2023,4380,2107,52.7543514,308.4099325,361.1642839
Nassir Little,littlna01,2023,2024,976,53.00037142,309.8157955,362.8161669
Isaiah Livers,liveris01,2023,2485,1199,53.24639144,311.2216586,364.46805
Kenneth Lofton Jr.,loftoke01,2023,393,188,raptor_offense,raptor_defense,raptor_total
Kevon Looney,looneke01,2023,4890,2283,53.49241147,312.6275216,366.1199331
Brook Lopez,lopezbr01,2023,5475,2555,53.73843149,314.0333847,367.7718161
Robin Lopez,lopezro01,2023,633,305,53.98445151,315.4392477,369.4236992
Kevin Love,loveke01,2023,3298,1599,raptor_offense,raptor_defense,raptor_total
Kyle Lowry,lowryky01,2023,4659,2317,54.23047153,316.8451108,371.0755823
Trey Lyles,lylestr01,2023,2933,1365,54.47649156,318.2509738,372.7274654
Theo Maledon,maledth01,2023,1821,854,54.72251158,319.6568368,374.3793484
Sandro Mamukelashvili,mamuksa01,2023,1407,660,raptor_offense,raptor_defense,raptor_total
Terance Mann,mannte01,2023,4137,2005,54.9685316,321.0626999,376.0312315
Tre Mann,manntr01,2023,2533,1183,55.21455162,322.4685629,377.6831146
Boban Marjanovic,marjabo01,2023,357,171,55.46057165,323.874426,379.3349976
Lauri Markkanen,markkla01,2023,4786,2273,raptor_offense,raptor_defense,raptor_total
Naji Marshall,marshna01,2023,3774,1792,55.70659167,325.280289,380.9868807
Caleb Martin,martica02,2023,5599,2771,55.95261169,326.6861521,382.6387638
Cody Martin,martico01,2023,291,134,56.19863172,328.0920151,384.2906468
Kenyon Martin Jr.,martike04,2023,4848,2292,raptor_offense,raptor_defense,raptor_total
Tyrese Martin,martity01,2023,137,66,56.44465174,329.4978782,385.9425299
Garrison Mathews,mathega01,2023,1458,686,56.69067176,330.9037412,387.594413
Bennedict Mathurin,mathube01,2023,4780,2222,56.93669178,332.3096042,389.246296
Wesley Matthews,matthwe02,2023,1874,861,raptor_offense,raptor_defense,raptor_total
Tyrese Maxey,maxeyty01,2023,4918,2439,57.18271181,333.7154673,390.8981791
Skylar Mays,mayssk01,2023,418,189,57.42873183,335.1213303,392.5500622
Miles McBride,mcbrimi01,2023,1620,780,57.67475185,336.5271934,394.2019452
Mac McClung,mccluma01,2023,92,41,raptor_offense,raptor_defense,raptor_total
CJ McCollum,mccolcj01,2023,5497,2649,57.92077187,337.9330564,395.8538283
T.J. McConnell,mccontj01,2023,3305,1526,58.1667919,339.3389195,397.5057114
Jalen McDaniels,mcdanja01,2023,4282,2015,58.41281192,340.7447825,399.1575944
Jaden McDaniels,mcdanja02,2023,5094,2416,raptor_offense,raptor_defense,raptor_total
Doug McDermott,mcderdo01,2023,2858,1314,58.65883194,342.1506456,400.8094775
JaVale McGee,mcgeeja01,2023,756,355,58.90485196,343.5565086,402.4613606
Bryce McGowens,mcgowbr01,2023,1689,787,59.15087199,344.9623717,404.1132436
Rodney McGruder,mcgruro01,2023,1103,524,raptor_offense,raptor_defense,raptor_total
Jordan McLaughlin,mclaujo01,2023,1534,692,59.39689201,346.3682347,405.7651267
De'Anthony Melton,meltode01,2023,4918,2424,59.64291203,347.7740977,407.4170098
Sam Merrill,merrisa01,2023,121,59,59.88893206,349.1799608,409.0688928
Chimezie Metu,metuch01,2023,1533,695,raptor_offense,raptor_defense,raptor_total
Khris Middleton,middlkh01,2023,2129,974,60.13495208,350.5858238,410.7207759
Patty Mills,millspa02,2023,1232,572,60.3809721,351.9916869,412.372659
Shake Milton,miltosh01,2023,3353,1588,60.62699212,353.3975499,414.024542
Justin Minaya,minayju01,2023,195,89,raptor_offense,raptor_defense,raptor_total
Josh Minott,minotjo01,2023,233,102,60.87301215,354.803413,415.6764251
Davion Mitchell,mitchda01,2023,3388,1587,61.11903217,356.209276,417.3283082
Donovan Mitchell,mitchdo01,2023,5302,2639,61.36505219,357.6151391,418.9801913
Evan Mobley,mobleev01,2023,5852,2903,raptor_offense,raptor_defense,raptor_total
Isaiah Mobley,mobleis01,2023,171,84,61.61107221,359.0210021,420.6320743
Chima Moneke,monekch01,2023,18,8,61.85709224,360.4268652,422.2839574
Malik Monk,monkma01,2023,4157,1924,62.10311226,361.8327282,423.9358405
Moses Moody,moodymo01,2023,2112,978,raptor_offense,raptor_defense,raptor_total
Xavier Moon,moonxa01,2023,40,20,62.34913228,363.2385912,425.5877235
Wendell Moore Jr.,moorewe01,2023,351,155,62.59515231,364.6444543,427.2396066
Ja Morant,moranja01,2023,4560,2135,62.84117233,366.0503173,428.8914897
Markieff Morris,morrima02,2023,789,355,raptor_offense,raptor_defense,raptor_total
Marcus Morris Sr.,morrima03,2023,3874,1893,63.08719235,367.4561804,430.5433727
Monte Morris,morrimo01,2023,3518,1695,63.33321237,368.8620434,432.1952558
Trey Murphy III,murphtr02,2023,5132,2448,63.5792324,370.2679065,433.8471389
Dejounte Murray,murrade01,2023,6111,2883,raptor_offense,raptor_defense,raptor_total
Jamal Murray,murraja01,2023,6004,2932,63.82525242,371.6737695,435.4990219
Keegan Murray,murrake02,2023,5451,2576,64.07127244,373.0796326,437.150905
Mike Muscala,muscami01,2023,2098,966,64.31729246,374.4854956,438.8027881
Svi Mykhailiuk,mykhasv01,2023,990,468,raptor_offense,raptor_defense,raptor_total
Larry Nance Jr.,nancela02,2023,2897,1381,64.56331249,375.8913586,440.4546711
Andrew Nembhard,nembhan01,2023,4439,2073,64.80933251,377.2972217,442.1065542
Aaron Nesmith,nesmiaa01,2023,3874,1816,65.05535253,378.7030847,443.7584373
Raul Neto,netora01,2023,1035,512,raptor_offense,raptor_defense,raptor_total
Georges Niang,niangge01,2023,3475,1669,65.30137256,380.1089478,445.4103203
Daishen Nix,nixda01,2023,1924,914,65.54739258,381.5148108,447.0622034
Zeke Nnaji,nnajize01,2023,1517,740,65.7934126,382.9206739,448.7140865
Nerlens Noel,noelne01,2023,428,195,raptor_offense,raptor_defense,raptor_total
Jaylen Nowell,nowelja01,2023,2863,1314,66.03943262,384.3265369,450.3659695
Frank Ntilikina,ntilila01,2023,1286,607,66.28545265,385.7324,452.0178526
Kendrick Nunn,nunnke01,2023,2090,964,66.53147267,387.138263,453.6697357
Jusuf Nurkic,nurkiju01,2023,2886,1391,raptor_offense,raptor_defense,raptor_total
Jordan Nwora,nworajo01,2023,2565,1188,66.77749269,388.5441261,455.3216187
Chuma Okeke,okekech01,2023,1083,518,67.02351271,389.9499891,456.9735018
Josh Okogie,okogijo01,2023,3196,1525,67.26953274,391.3558521,458.6253849
Onyeka Okongwu,okongon01,2023,4198,1980,raptor_offense,raptor_defense,raptor_total
Isaac Okoro,okorois01,2023,3533,1727,67.51555276,392.7617152,460.2772679
KZ Okpala,okpalkz01,2023,552,248,67.76157278,394.1675782,461.929151
Victor Oladipo,oladivi01,2023,2355,1151,68.00759281,395.5734413,463.5810341
Kelly Olynyk,olynyke01,2023,4082,1942,raptor_offense,raptor_defense,raptor_total
Eugene Omoruyi,omorueu01,2023,1335,645,68.25361283,396.9793043,465.2329172
Royce O'Neale,onealro01,2023,5168,2527,68.49963285,398.3851674,466.8848002
Cedi Osman,osmande01,2023,3332,1641,68.74565287,399.7910304,468.5366833
Kelly Oubre Jr.,oubreke01,2023,3287,1548,raptor_offense,raptor_defense,raptor_total
Chris Paul,paulch01,2023,4358,2139,68.9916729,401.1968935,470.1885664
Cameron Payne,payneca01,2023,2341,1120,69.23769292,402.6027565,471.8404494
Gary Payton II,paytoga02,2023,1171,559,69.48371294,404.0086195,473.4923325
Theo Pinson,pinsoth01,2023,699,323,raptor_offense,raptor_defense,raptor_total
Scotty Pippen Jr.,pippesc02,2023,67,32,69.72973296,405.4144826,475.1442156
Mason Plumlee,plumlma01,2023,4561,2145,69.97575299,406.8203456,476.7960986
Jakob Poeltl,poeltja01,2023,3992,1906,70.22177301,408.2262087,478.4479817
Aleksej Pokusevski,pokusal01,2023,1516,701,raptor_offense,raptor_defense,raptor_total
Jordan Poole,poolejo01,2023,5955,2742,70.46779303,409.6320717,480.0998648
Kevin Porter Jr.,porteke02,2023,4208,2024,70.71381306,411.0379348,481.7517478
Michael Porter Jr.,portemi01,2023,5078,2452,70.95983308,412.4437978,483.4036309
Otto Porter Jr.,porteot01,2023,306,146,raptor_offense,raptor_defense,raptor_total
Bobby Portis,portibo01,2023,4103,1925,71.2058531,413.8496609,485.055514
Kristaps Porzingis,porzikr01,2023,4381,2120,71.45187312,415.2555239,486.707397
Micah Potter,pottemi01,2023,117,52,71.69789315,416.661387,488.3592801
Dwight Powell,poweldw01,2023,2969,1458,raptor_offense,raptor_defense,raptor_total
Norman Powell,powelno01,2023,3672,1734,71.94391317,418.06725,490.0111632
Jason Preston,prestja01,2023,266,125,72.18993319,419.473113,491.6630462
Joshua Primo,primojo01,2023,207,93,72.43595321,420.8789761,493.3149293
Taurean Prince,princta02,2023,2818,1292,raptor_offense,raptor_defense,raptor_total
Payton Pritchard,pritcpa01,2023,1450,700,72.68197324,422.2848391,494.9668124
Trevelin Queen,queentr01,2023,152,70,72.92799326,423.6907022,496.6186954
Neemias Queta,quetane01,2023,70,29,73.17401328,425.0965652,498.2705785
Immanuel Quickley,quickim01,2023,5134,2519,raptor_offense,raptor_defense,raptor_total
Lester Quinones,quinole01,2023,41,18,73.42003331,426.5024283,499.9224616
Julius Randle,randlju01,2023,6218,3067,73.66605333,427.9082913,501.5743446
Austin Reaves,reaveau01,2023,5167,2422,73.91207335,429.3141544,503.2262277
Cam Reddish,reddica01,2023,2091,990,raptor_offense,raptor_defense,raptor_total
Davon Reed,reedda01,2023,729,342,74.15809337,430.7200174,504.8781108
Paul Reed,reedpa01,2023,1874,912,74.4041134,432.1258805,506.5299938
Naz Reid,reidna01,2023,2721,1251,74.65013342,433.5317435,508.1818769
Jared Rhoden,rhodeja01,2023,408,198,raptor_offense,raptor_defense,raptor_total
Josh Richardson,richajo01,2023,3276,1530,74.89615344,434.9376065,509.83376
Nick Richards,richani01,2023,2583,1217,75.14217346,436.3434696,511.4856431
Austin Rivers,riverau01,2023,2262,1062,75.38819349,437.7493326,513.1375261
Duncan Robinson,robindu01,2023,2253,1109,raptor_offense,raptor_defense,raptor_total
Jeremiah Robinson-Earl,robinje02,2023,1758,814,75.63421351,439.1551957,514.7894092
Mitchell Robinson,robinmi01,2023,3802,1889,75.88023353,440.5610587,516.4412923
Orlando Robinson,robinor01,2023,864,425,76.12625356,441.9669218,518.0931753
Isaiah Roby,robyis01,2023,1027,474,raptor_offense,raptor_defense,raptor_total
David Roddy,roddyda01,2023,2851,1334,76.37227358,443.3727848,519.7450584
Ryan Rollins,rolliry01,2023,135,62,76.6182936,444.7786479,521.3969415
Derrick Rose,rosede01,2023,739,341,76.86431362,446.1845109,523.0488245
Terrence Ross,rosste01,2023,2935,1399,raptor_offense,raptor_defense,raptor_total
Terry Rozier,roziete01,2023,4714,2221,77.11033365,447.5903739,524.7007076
Ricky Rubio,rubiori01,2023,1192,583,77.35635367,448.996237,526.3525907
D'Angelo Russell,russeda01,2023,5848,2777,77.60237369,450.4021,528.0044737
Matt Ryan,ryanma01,2023,687,310,raptor_offense,raptor_defense,raptor_total
Domantas Sabonis,sabondo01,2023,6254,2979,77.84839371,451.8079631,529.6563568
Luka Samanic,samanlu01,2023,354,161,78.09441374,453.2138261,531.3082399
Dario Saric,saricda01,2023,1693,806,78.34043376,454.6196892,532.9601229
Olivier Sarr,sarrol01,2023,240,114,raptor_offense,raptor_defense,raptor_total
Jordan Schakel,schakjo01,2023,12,6,78.58645378,456.0255522,534.612006
Admiral Schofield,schofad01,2023,941,451,78.8324738,457.4314153,536.2638891
Dennis Schroder,schrode01,2023,5078,2403,79.07849383,458.8372783,537.9157721
Jay Scrubb,scrubja01,2023,64,30,raptor_offense,raptor_defense,raptor_total
Dereon Seabron,seabrde01,2023,25,12,79.32451385,460.2431414,539.5676552
Alperen Sengun,sengual01,2023,4522,2171,79.57053387,461.6490044,541.2195383
Collin Sexton,sextoco01,2023,2440,1145,79.8165539,463.0548674,542.8714213
Landry Shamet,shamela01,2023,2085,991,raptor_offense,raptor_defense,raptor_total
Day'Ron Sharpe,sharpda01,2023,1216,572,80.06257392,464.4607305,544.5233044
Shaedon Sharpe,sharpsh01,2023,3743,1779,80.30859394,465.8665935,546.1751875
Pascal Siakam,siakapa01,2023,5424,2652,80.55461396,467.2724566,547.8270705
Chris Silva,silvach01,2023,8,3,raptor_offense,raptor_defense,raptor_total
Ben Simmons,simmobe01,2023,2304,1105,80.80063399,468.6783196,549.4789536
Kobi Simmons,simmoko01,2023,60,28,81.04665401,470.0841827,551.1308367
Anfernee Simons,simonan01,2023,4488,2171,81.29267403,471.4900457,552.7827197
Marko Simonovic,simonma01,2023,49,20,raptor_offense,raptor_defense,raptor_total
Jericho Sims,simsje01,2023,1646,812,81.53869405,472.8959088,554.4346028
Marcus Smart,smartma01,2023,5478,2636,81.78471408,474.3017718,556.0864859
Dennis Smith Jr.,smithde03,2023,2957,1390,82.0307341,475.7076349,557.738369
Dru Smith,smithdr01,2023,331,158,raptor_offense,raptor_defense,raptor_total
Ish Smith,smithis01,2023,864,410,82.27675412,477.1134979,559.390252
Jalen Smith,smithja04,2023,2759,1279,82.52277415,478.5193609,561.0421351
Jabari Smith Jr.,smithja05,2023,5124,2451,82.76879417,479.925224,562.6940182
Xavier Sneed,sneedxa01,2023,105,48,raptor_offense,raptor_defense,raptor_total
Jeremy Sochan,sochaje01,2023,3109,1458,83.01481419,481.331087,564.3459012
Jaden Springer,sprinja01,2023,226,106,83.26083421,482.7369501,565.9977843
Lamar Stevens,stevela01,2023,2275,1129,83.50685424,484.1428131,567.6496674
Isaiah Stewart,stewais01,2023,2982,1414,raptor_offense,raptor_defense,raptor_total
Max Strus,strusma01,2023,5918,2920,83.75287426,485.5486762,569.3015504
Jalen Suggs,suggsja01,2023,2641,1246,83.99889428,486.9545392,570.9534335
Edmond Sumner,sumneed01,2023,1588,740,84.2449143,488.3604023,572.6053166
Cole Swider,swideco01,2023,91,41,raptor_offense,raptor_defense,raptor_total
Jae'Sean Tate,tateja01,2023,1426,677,84.49093433,489.7662653,574.2571996
Jayson Tatum,tatumja01,2023,7273,3531,84.73695435,491.1721283,575.9090827
Terry Taylor,taylote01,2023,580,264,84.98297437,492.5779914,577.5609658
Garrett Temple,templga01,2023,362,162,raptor_offense,raptor_defense,raptor_total
Dalen Terry,terryda01,2023,458,214,85.2289944,493.9838544,579.2128488
Daniel Theis,theisda01,2023,232,109,85.47501442,495.3897175,580.8647319
Cam Thomas,thomaca02,2023,2019,964,85.72103444,496.7955805,582.516615
Klay Thompson,thompkl01,2023,5934,2747,raptor_offense,raptor_defense,raptor_total
Tristan Thompson,thomptr01,2023,64,32,85.96705446,498.2014436,584.168498
JT Thor,thorjt01,2023,2068,969,86.21307449,499.6073066,585.8203811
Matisse Thybulle,thybuma01,2023,2542,1200,86.45909451,501.0131697,587.4722642
Xavier Tillman,tillmxa01,2023,2915,1363,raptor_offense,raptor_defense,raptor_total
Isaiah Todd,toddis01,2023,134,61,86.70511453,502.4190327,589.1241472
Obi Toppin,toppiob01,2023,2556,1225,86.95113455,503.8248958,590.7760303
Juan Toscano-Anderson,toscaju01,2023,1513,700,87.19715458,505.2307588,592.4279134
Karl-Anthony Towns,townska01,2023,2401,1137,raptor_offense,raptor_defense,raptor_total
Gary Trent Jr.,trentga02,2023,4408,2118,87.4431746,506.6366218,594.0797964
P.J. Tucker,tuckepj01,2023,4424,2214,87.68919462,508.0424849,595.7316795
Myles Turner,turnemy01,2023,3848,1825,87.93521465,509.4483479,597.3835626
Stanley Umude,umudest01,2023,4,2,raptor_offense,raptor_defense,raptor_total
Jonas Valanciunas,valanjo01,2023,4093,1968,88.18123467,510.854211,599.0354456
Jarred Vanderbilt,vandeja01,2023,4492,2126,88.42725469,512.260074,600.6873287
Fred VanVleet,vanvlfr01,2023,5188,2535,88.67327471,513.6659371,602.3392118
Devin Vassell,vassede01,2023,2544,1178,raptor_offense,raptor_defense,raptor_total
Gabe Vincent,vincega01,2023,4946,2431,88.91929474,515.0718001,603.9910949
Noah Vonleh,vonleno01,2023,359,171,89.16531476,516.4776632,605.6429779
Nikola Vucevic,vucevni01,2023,5681,2746,89.41133478,517.8835262,607.294861
Dean Wade,wadede01,2023,1848,902,raptor_offense,raptor_defense,raptor_total
Franz Wagner,wagnefr01,2023,5497,2609,89.6573548,519.2893893,608.9467441
Moritz Wagner,wagnemo01,2023,2364,1109,89.90337483,520.6952523,610.5986271
Ish Wainright,wainris01,2023,1979,936,90.14939485,522.1011153,612.2505102
Jabari Walker,walkeja01,2023,1329,619,raptor_offense,raptor_defense,raptor_total
Kemba Walker,walkeke02,2023,292,144,90.39541487,523.5069784,613.9023933
Lonnie Walker IV,walkelo01,2023,3180,1476,90.6414349,524.9128414,615.5542763
John Wall,walljo01,2023,1615,755,90.88745492,526.3187045,617.2061594
T.J. Warren,warretj01,2023,1634,768,raptor_offense,raptor_defense,raptor_total
Duane Washington Jr.,washidu02,2023,838,394,91.13347494,527.7245675,618.8580425
P.J. Washington,washipj01,2023,5117,2380,91.37949496,529.1304306,620.5099255
TyTy Washington Jr.,washity02,2023,910,433,91.62551499,530.5362936,622.1618086
Yuta Watanabe,watanyu01,2023,1976,933,raptor_offense,raptor_defense,raptor_total
Lindy Waters III,waterli01,2023,1143,531,91.87153501,531.9421567,623.8136917
Trendon Watford,watfotr01,2023,2475,1182,92.11755503,533.3480197,625.4655747
Peyton Watson,watsope01,2023,412,200,92.36357505,534.7538827,627.1174578
Blake Wesley,weslebl01,2023,1460,669,raptor_offense,raptor_defense,raptor_total
Russell Westbrook,westbru01,2023,5031,2318,92.60959508,536.1597458,628.7693409
Coby White,whiteco01,2023,3640,1730,92.8556151,537.5656088,630.4212239
Derrick White,whitede01,2023,6019,2912,93.10163512,538.9714719,632.073107
Jack White,whiteja03,2023,134,66,raptor_offense,raptor_defense,raptor_total
Joe Wieskamp,wieskjo01,2023,108,50,93.34765515,540.3773349,633.7249901
Aaron Wiggins,wiggiaa01,2023,2767,1297,93.59367517,541.783198,635.3768731
Andrew Wiggins,wiggian01,2023,3527,1632,93.83969519,543.189061,637.0287562
Lindell Wigginton,wiggili01,2023,188,87,raptor_offense,raptor_defense,raptor_total
Alondes Williams,willial06,2023,11,5,94.08571521,544.5949241,638.6806393
Donovan Williams,willido02,2023,9,4,94.33173524,546.0007871,640.3325223
Grant Williams,willigr01,2023,4780,2310,94.57775526,547.4066502,641.9844054
Jalen Williams,willija06,2023,4906,2276,raptor_offense,raptor_defense,raptor_total
Jaylin Williams,willija07,2023,1946,914,94.82377528,548.8125132,643.6362885
Jeenathan Williams,willije02,2023,283,127,95.0697953,550.2183762,645.2881715
Kenrich Williams,willike04,2023,2559,1206,95.31581533,551.6242393,646.9400546
Mark Williams,willima07,2023,1766,828,raptor_offense,raptor_defense,raptor_total
Patrick Williams,willipa01,2023,4842,2323,95.56183535,553.0301023,648.5919377
Robert Williams III,williro04,2023,2571,1241,95.80785537,554.4359654,650.2438208
Vince Williams Jr.,willivi01,2023,224,105,96.0538754,555.8418284,651.8957038
Zion Williamson,willizi01,2023,2035,956,raptor_offense,raptor_defense,raptor_total
Ziaire Williams,willizi02,2023,1227,573,96.29989542,557.2476915,653.5475869
Dylan Windler,windldy01,2023,18,10,96.54591544,558.6535545,655.19947
Justise Winslow,winslju01,2023,1599,776,96.79193546,560.0594176,656.851353
James Wiseman,wisemja01,2023,1829,867,raptor_offense,raptor_defense,raptor_total
Christian Wood,woodch01,2023,3518,1738,97.03795549,561.4652806,658.5032361
Delon Wright,wrighde01,2023,2530,1221,97.28397551,562.8711437,660.1551192
McKinley Wright IV,wrighmc01,2023,700,335,97.52999553,564.2770067,661.8070022
Gabe York,yorkga01,2023,118,56,raptor_offense,raptor_defense,raptor_total
Thaddeus Young,youngth01,2023,1642,795,97.77601555,565.6828697,663.4588853
Trae Young,youngtr01,2023,6020,2771,98.02203558,567.0887328,665.1107684
Omer Yurtseven,yurtsom01,2023,212,99,98.2680556,568.4945958,666.7626514
Cody Zeller,zelleco01,2023,801,391,raptor_offense,raptor_defense,raptor_total
Ivica Zubac,zubaciv01,2023,4721,2300,98.51407562,569.9004589,668.4145345
,,,,,,,
