player_name,poss,mp,raptor_offense,raptor_defense,raptor_total
Precious Achiuwa,2328,1140,-1.77117981,-0.283672608,-2.054852418
Steven Adams,2391,1133,0.416278908,3.550985038,3.967263946
Bam Adebayo,6933,3448,-1.279139764,2.528053482,1.248913718
Ochai Agbaji,2604,1209,-1.010695667,-1.964926572,-2.97562224
Santi Aldama,3824,1783,-0.90709503,-0.675486857,-1.582581887
Nickeil Alexander-Walker,2185,1032,-0.303830331,3.986873712,3.68304338
Grayson Allen,4534,2121,0.071087801,0.050969702,0.122057504
Jarrett Allen,4833,2411,-0.454216976,1.668787167,1.214570191
Jose Alvarado,2778,1310,-0.103565847,1.865416284,1.761850437
Kyle Anderson,4359,2061,0.271534191,1.148606958,1.420141149
Giannis Antetokounmpo,4574,2115,3.402392686,1.978272754,5.38066544
Thanasis Antetokounmpo,460,211,-6.778177628,-5.231934086,-12.01011171
Cole Anthony,3230,1552,2.036866773,-0.463140241,1.573726531
O.G. Anunoby,4888,2386,-0.789527393,2.196114879,1.406587486
Ryan Arcidiacono,375,172,-8.304900528,3.438595943,-4.866304585
Deni Avdija,4198,2020,-1.762021409,0.791316195,-0.970705213
Deandre Ayton,4842,2354,-2.407626465,-0.320287089,-2.727913554
Udoka Azubuike,785,359,-5.484095822,0.467055457,-5.017040365
Marvin Bagley III,2066,990,-1.875703859,0.522569154,-1.353134705
Patrick Baldwin Jr.,507,237,-3.36376862,-1.996714399,-5.360483019
LaMelo Ball,2757,1268,2.221353275,-0.981727699,1.239625576
Mo Bamba,1613,779,-0.875635402,-0.723070125,-1.598705527
Paolo Banchero,5096,2430,-1.397951371,-1.690712842,-3.088664213
Desmond Bane,4448,2072,3.271208299,0.012677992,3.283886291
Dalano Banton,588,279,-1.748278141,-1.453927311,-3.202205452
Dominick Barlow,893,408,-2.376548158,0.327149913,-2.049398245
Harrison Barnes,6075,2858,0.577518807,0.442542379,1.020061186
Scottie Barnes,5507,2678,0.143331665,0.498606539,0.641938204
RJ Barrett,5830,2852,-0.65627312,-2.552780297,-3.209053417
Will Barton,2072,993,-2.436231013,-3.596900912,-6.033131925
Charles Bassey,1093,508,-1.70934063,0.825868465,-0.883472165
Keita Bates-Diop,3121,1452,-1.289113329,0.105893458,-1.183219871
Nicolas Batum,3802,1801,-0.715201399,0.578429234,-0.136772165
Darius Bazley,1308,616,-3.744034353,3.002865421,-0.741168932
Bradley Beal,3414,1673,2.536572124,-1.339510192,1.197061932
Malik Beasley,4649,2184,-0.05628455,-1.72512206,-1.781406609
MarJon Beauchamp,1516,706,-3.702568513,-1.883886286,-5.5864548
Davis Bertans,1028,492,-0.305669374,-0.864323617,-1.169992991
Patrick Beverley,3786,1816,-2.659123207,0.232681311,-2.426441896
Saddiq Bey,4830,2262,1.707711,-2.471299514,-0.763588514
Khem Birch,331,162,-5.984195086,-0.147133586,-6.131328672
Goga Bitadze,955,457,-0.255537312,2.238357757,1.982820445
Bismack Biyombo,1973,952,-3.55875656,0.67386533,-2.88489123
Buddy Boeheim,187,90,-2.220801729,-0.863222861,-3.084024589
Bogdan Bogdanovic,3514,1665,3.127454409,-0.610936599,2.51651781
Bojan Bogdanovic,3990,1893,2.014861381,-3.300906495,-1.286045115
Bol Bol,3165,1505,-3.3264316,-1.421151613,-4.747583214
Leandro Bolmaro,147,68,-11.19512039,8.551235357,-2.64388503
Devin Booker,4744,2294,6.044339993,-0.40810859,5.636231403
Brandon Boston Jr.,531,249,0.18602346,-1.534260424,-1.348236964
Chris Boucher,3125,1523,-0.259276301,0.149543918,-0.109732383
James Bouknight,1097,515,-3.786364559,-1.708378466,-5.494743025
Jamaree Bouyea,138,71,-7.319589415,-0.131855527,-7.451444942
Tony Bradley,80,33,-1.033367377,-4.894933384,-5.928300761
Malaki Branham,3370,1550,-2.705441516,-3.872706112,-6.578147628
Jarrell Brantley,80,39,5.03249932,4.018652906,9.051152226
Christian Braun,2952,1428,-2.590905492,0.982869186,-1.608036306
Mikal Bridges,6380,3120,1.318452773,0.153228668,1.471681442
Oshae Brissett,2306,1083,-1.625209453,-0.946204202,-2.571413655
Malcolm Brogdon,4593,2218,2.027653632,-0.778065374,1.249588259
Dillon Brooks,5051,2381,-2.214932877,1.667513096,-0.547419781
Bruce Brown,5766,2810,-1.312608437,0.77485361,-0.537754827
Greg Brown III,203,93,-10.28875063,3.824006467,-6.464744166
Jaylen Brown,6542,3156,-0.083956968,0.260251428,0.176294459
Kendall Brown,98,40,-4.217288163,4.588722547,0.371434384
Moses Brown,623,294,1.209339152,2.552803175,3.762142327
Sterling Brown,60,24,-5.215187022,5.284205534,0.069018512
Troy Brown Jr.,4221,1984,-1.646502871,0.554144813,-1.092358058
Jalen Brunson,5693,2822,5.733472855,-0.96048579,4.772987064
Thomas Bryant,2301,1081,-0.674638695,-1.753784878,-2.428423573
Reggie Bullock,4789,2364,-2.619634733,-2.008377076,-4.628011809
Alec Burks,2413,1122,2.980922796,0.100313724,3.08123652
Deonte Burton,14,6,-1.053780695,-0.67431696,-1.728097656
Jared Butler,165,77,0.887152666,0.243695869,1.130848535
Jimmy Butler,6056,3012,5.529826992,0.687050867,6.216877859
John Butler Jr.,483,221,-6.186833235,-0.939953717,-7.126786952
Jamal Cain,514,240,1.081810956,1.110420975,2.192231932
Kentavious Caldwell-Pope,6336,3052,0.561334864,0.922834775,1.484169639
Facundo Campazzo,108,52,-7.714986341,11.9042254,4.189239057
Vlatko Cancar,1865,899,-1.772602139,-0.82378781,-2.596389949
Clint Capela,4036,1881,0.558526823,2.378354023,2.936880846
Vernon Carey Jr.,61,28,-11.4210308,5.440617622,-5.980413175
Jevon Carter,3979,1859,-1.702375346,0.364066949,-1.338308397
Michael Carter-Williams,90,44,-2.276948323,-11.80780197,-14.08475029
Wendell Carter Jr.,3527,1690,-1.213284879,1.452336553,0.239051673
Alex Caruso,3274,1575,-0.142851903,6.133135546,5.990283643
Justin Champagnie,88,44,4.349042706,-4.749753834,-0.400711128
Julian Champagnie,696,320,-0.586128135,-2.786112326,-3.372240461
Kennedy Chandler,605,281,-2.432279657,-3.497681064,-5.929960721
Josh Christopher,1642,786,-3.116935148,-3.080070892,-6.19700604
Max Christie,1176,545,-3.310188945,1.667048164,-1.643140781
Brandon Clarke,2362,1090,-0.775771055,0.581671373,-0.194099682
Jordan Clarkson,4164,1988,2.231681335,-2.780956364,-0.54927503
Nic Claxton,4890,2388,-0.440591638,2.416752343,1.976160704
Amir Coffey,1320,626,-3.964200191,-3.000614656,-6.964814847
John Collins,4907,2294,-2.53181687,-0.343034327,-2.874851197
Zach Collins,3124,1441,-1.477724091,1.696396033,0.218671941
Chance Comanche,45,21,-6.568343845,-17.04528576,-23.6136296
Mike Conley,4597,2212,2.468265684,-0.129261294,2.339004391
Pat Connaughton,3300,1531,-0.287980717,0.882725481,0.594744764
Xavier Cooks,285,126,-3.280297218,0.19087968,-3.089417538
Robert Covington,1659,791,-0.49172558,1.044707493,0.552981913
Torrey Craig,4428,2131,-1.25466186,-0.34459816,-1.59926002
Jae Crowder,832,381,0.063632151,1.437750522,1.501382673
Jarrett Culver,296,137,-2.907112022,1.344483462,-1.562628561
Cade Cunningham,853,400,-2.193227122,-1.431240788,-3.62446791
Seth Curry,2641,1269,-0.753507426,-2.051279125,-2.804786551
Stephen Curry,5300,2434,7.483711948,-1.165317704,6.318394244
Dyson Daniels,2240,1042,-3.065481531,2.983391018,-0.082090513
Anthony Davis,5327,2512,2.511726349,4.736996561,7.24872291
JD Davison,140,66,-2.349352871,0.246751489,-2.102601383
Johnny Davis,905,423,-4.723065149,-1.602042855,-6.325108004
Terence Davis,1951,899,-0.22836073,-0.211227224,-0.439587954
Darius Days,53,25,4.125246014,-0.128852159,3.996393855
Dewayne Dedmon,920,431,-3.216559866,0.377745138,-2.838814727
Matthew Dellavedova,474,213,-4.150498927,3.582748738,-0.567750189
DeMar DeRozan,5577,2682,2.216730412,0.425398708,2.64212912
Moussa Diabate,416,195,-1.615114535,0.520151547,-1.094962988
Mamadi Diakite,352,176,-6.854759698,-2.798254048,-9.653013746
Hamidou Diallo,2138,996,-1.307001866,3.219553626,1.91255176
Gorgui Dieng,769,358,-6.344585584,-2.307012261,-8.651597845
Ousmane Dieng,1217,569,-2.378385591,-2.418636613,-4.797022204
Spencer Dinwiddie,5768,2884,1.7230818,-1.108859373,0.614222427
Donte DiVincenzo,4626,2129,-0.332419533,2.46372091,2.131301377
Luka Doncic,4863,2391,8.272469954,-0.448861942,7.823608013
Tyler Dorsey,16,8,13.67609723,9.141079609,22.81717684
Luguentz Dort,4874,2272,-0.815248962,2.509759739,1.694510778
Ayo Dosunmu,4405,2098,-2.905908475,0.340439349,-2.565469126
Devon Dotson,108,53,-4.780530266,5.540717676,0.76018741
Jeff Dowtin Jr.,523,259,-0.361824374,-0.720302621,-1.082126995
PJ Dozier,181,85,-5.874130267,7.596469844,1.722339577
Goran Dragic,1885,877,-1.087620448,-2.247626341,-3.335246789
Andre Drummond,1799,849,-1.739663971,2.791680567,1.052016595
Chris Duarte,1918,897,-1.726240542,-0.134366047,-1.860606589
David Duke Jr.,495,233,-3.25701814,1.453114433,-1.803903706
Kris Dunn,1245,568,2.136536485,-2.700439583,-0.563903098
Kevin Durant,4410,2138,4.817806526,0.167129814,4.98493634
Jalen Duren,3489,1670,-1.920543312,0.016435526,-1.904107786
Tari Eason,3753,1767,-0.688229953,1.087749029,0.399519076
Anthony Edwards,6418,3041,2.019945656,0.28448494,2.304430596
Kessler Edwards,834,392,-0.918867339,-0.178084322,-1.096951661
Keon Ellis,147,71,0.206815783,-1.60645596,-1.399640177
Joel Embiid,5286,2620,3.724874175,4.101091714,7.825965889
Drew Eubanks,3311,1584,-1.62050389,0.080349144,-1.540154746
Bruno Fernando,844,405,-2.273698812,1.717100871,-0.556597941
Dorian Finney-Smith,4251,2110,-2.174893878,1.405444033,-0.769449844
Malachi Flynn,1426,691,-1.707438126,-2.824667755,-4.532105881
Simone Fontecchio,1675,766,-3.46043335,-4.690910784,-8.151344134
Bryn Forbes,580,268,-3.825009881,-4.482780088,-8.307789969
Trent Forrest,586,277,-3.759161012,-1.865361654,-5.624522666
Michael Foster Jr.,2,1,-16.72526664,6.359601865,-10.36566478
Evan Fournier,961,459,-2.878157547,-2.069089512,-4.94724706
De'Aaron Fox,5829,2705,4.411788502,-1.899750282,2.512038221
Markelle Fultz,3750,1778,-0.27417971,-0.420729149,-0.694908859
Wenyen Gabriel,2298,1061,-1.190493222,1.06553746,-0.124955763
Daniel Gafford,3338,1604,0.373926754,-0.358128205,0.015798549
Darius Garland,5317,2636,3.57285396,0.674807502,4.247661462
Usman Garuba,2070,970,-2.622893002,0.5083867,-2.114506303
Luka Garza,539,243,4.75819581,-3.777223692,0.980972119
Rudy Gay,1753,816,-2.945600649,-0.192716264,-3.138316913
Paul George,3977,1939,3.096958986,1.698119096,4.795078083
Taj Gibson,995,480,-2.825470359,-0.481882753,-3.307353112
Josh Giddey,5088,2367,-0.129282658,-2.335860319,-2.465142977
Shai Gilgeous-Alexander,5208,2416,5.012311545,0.161661015,5.173972561
Anthony Gill,1320,624,-1.182599993,-2.795327948,-3.977927941
Jacob Gilyard,87,41,-3.409289523,-3.045945932,-6.455235455
Rudy Gobert,4837,2325,-1.718514267,3.50524618,1.786731912
Jordan Goodwin,2345,1106,-0.935967651,1.595010902,0.659043251
Aaron Gordon,5715,2768,1.84691736,0.829676787,2.676594148
Eric Gordon,4498,2114,-0.689823508,-3.220692435,-3.910515943
Devonte' Graham,2848,1338,0.650632668,-1.184176895,-0.533544227
Jerami Grant,4636,2246,0.502790559,-0.86832411,-0.365533551
RaiQuan Gray,73,35,-2.655142698,-2.939430031,-5.594572729
AJ Green,740,345,0.801509474,-2.784883197,-1.983373723
Danny Green,366,178,-3.515195642,0.4744483,-3.040747341
Draymond Green,5768,2664,-0.961476046,3.530403158,2.568927112
JaMychal Green,1852,846,-1.976458122,-1.941416856,-3.917874979
Javonte Green,1023,480,-0.438050633,3.694191601,3.256140967
Jalen Green,5456,2602,1.472461168,-2.906900403,-1.434439235
Jeff Green,2943,1434,-3.941061254,-1.151001109,-5.092062363
Josh Green,3173,1539,-1.10800131,1.02534539,-0.08265592
AJ Griffin,2997,1401,0.375474639,-0.588584137,-0.213109498
Blake Griffin,1197,575,-1.027618559,5.708496347,4.680877788
Quentin Grimes,4807,2363,0.439616022,-0.407355099,0.032260923
Rui Hachimura,3939,1854,-1.709425748,0.256620144,-1.452805604
Tyrese Haliburton,3980,1883,6.90247665,-0.996754181,5.90572247
Jordan Hall,176,83,-9.104988388,-5.838660583,-14.94364897
R.J. Hampton,1558,750,-1.385318919,-1.712727477,-3.098046396
Tim Hardaway Jr.,4367,2152,1.055239155,1.683513135,2.738752291
James Harden,5091,2562,4.836494707,-0.004251538,4.832243169
Jaden Hardy,1495,708,-0.332121331,-2.67598955,-3.008110881
Ron Harper Jr.,98,48,6.416463658,-0.846309541,5.570154117
Montrezl Harrell,1451,688,-1.428317966,2.509877897,1.081559932
Gary Harris,2478,1184,0.123672415,-1.090281193,-0.966608778
Joe Harris,3276,1571,-0.838015188,-1.894270422,-2.73228561
Kevon Harris,960,457,-1.537395321,0.491055979,-1.046339342
Shaquille Harrison,320,148,3.02455822,0.603532009,3.628090229
Tobias Harris,5657,2828,0.274536995,-0.350792924,-0.076255929
Isaiah Hartenstein,3824,1846,-1.052077526,3.025829619,1.973752093
Josh Hart,5752,2807,1.234907039,1.558959348,2.793866387
Udonis Haslem,161,74,-6.969325536,5.809370613,-1.159954922
Sam Hauser,2946,1394,1.11280806,0.983922451,2.096730511
Jaxson Hayes,1300,610,-3.894882005,0.653372632,-3.241509373
Killian Hayes,4498,2154,-2.449600845,0.42943745,-2.020163395
Gordon Hayward,3384,1577,-1.895222438,0.27629859,-1.618923848
Juancho Hernangomez,1269,614,-2.636866204,-1.064779617,-3.701645821
Willy Hernangomez,995,458,-1.683499618,1.460894606,-0.222605012
Tyler Herro,4772,2356,1.317230367,-1.361586348,-0.04435598
Buddy Hield,5277,2482,1.847194563,-0.119786416,1.727408147
Haywood Highsmith,2307,1130,-3.413855022,1.789490943,-1.624364079
George Hill,1777,834,-1.349539955,0.944819168,-0.404720787
Malcolm Hill,23,9,-2.950544762,3.905947666,0.955402905
Aaron Holiday,1826,849,-1.398336188,2.478556244,1.080220056
Jrue Holiday,5086,2374,3.585546285,2.121102398,5.706648683
Justin Holiday,1536,706,-4.434689821,-2.046272383,-6.480962204
Richaun Holmes,743,348,-3.89438266,-4.550678668,-8.445061328
Al Horford,5234,2539,-0.045086555,2.017190161,1.972103606
Talen Horton-Tucker,2830,1313,-1.118910888,-0.13560743,-1.254518318
Danuel House Jr.,1786,849,-1.92300492,-1.536823882,-3.459828802
Caleb Houstan,1703,812,-2.033357367,-2.197999235,-4.231356603
Trevor Hudgins,57,28,-4.862468331,-1.201900927,-6.064369258
Kevin Huerter,5006,2386,1.848317938,-1.743864647,0.10445329
Jay Huff,214,95,2.181778435,-3.782936655,-1.60115822
De'Andre Hunter,5026,2350,-1.07046881,-0.984103099,-2.054571909
Bones Hyland,2412,1167,1.107309253,-1.488283394,-0.380974141
Serge Ibaka,382,185,-5.006822036,0.525781582,-4.481040454
Andre Iguodala,256,113,-1.83651355,1.788443217,-0.048070333
Joe Ingles,2456,1133,0.864692932,-1.320297695,-0.455604764
Brandon Ingram,3168,1538,1.776074235,-0.954531942,0.821542293
Kyrie Irving,4597,2241,5.614029838,0.35383528,5.967865118
Jonathan Isaac,257,124,2.121324216,3.49861382,5.619938035
Jaden Ivey,4824,2304,-1.853324944,-3.192499442,-5.045824386
Frank Jackson,9,5,-22.37851914,0.952809213,-21.42570992
Isaiah Jackson,2265,1042,-2.67690103,-0.957716313,-3.634617343
Jaren Jackson Jr.,4310,2007,0.484664691,2.578435734,3.063100425
Justin Jackson,226,107,-6.323845439,-1.679284392,-8.003129831
Quenton Jackson,302,135,-2.287719652,1.290875405,-0.996844248
Reggie Jackson,3436,1675,-2.576659399,-0.294346321,-2.871005721
LeBron James,5487,2573,4.277237803,0.026776829,4.304014631
DaQuan Jeffries,12,5,-17.62851855,19.73277766,2.104259113
Ty Jerome,1739,816,0.006445941,-3.173896138,-3.167450197
Isaiah Joe,3006,1395,2.705630444,0.290048724,2.995679167
Alize Johnson,64,30,-4.512324752,15.11774786,10.60542311
Cameron Johnson,2765,1351,1.154785287,2.6200984,3.774883688
James Johnson,353,162,-7.01716577,-2.116179968,-9.133345738
Jalen Johnson,2361,1098,-0.728360361,1.223725857,0.495365495
Keldon Johnson,4372,2063,0.865248668,-2.811831965,-1.946583297
Keon Johnson,890,416,-3.616222465,-3.391997606,-7.008220071
Stanley Johnson,1015,469,1.098434686,-2.04318929,-0.944754604
Nikola Jokic,6435,3112,9.522495986,3.696240246,13.21873623
Carlik Jones,121,56,-0.241223315,-3.067000355,-3.30822367
Damian Jones,1042,477,-3.192953538,2.022338495,-1.170615043
Derrick Jones Jr.,1888,893,-0.453037197,1.533537009,1.080499812
Herbert Jones,4036,1951,-0.782138091,3.494236699,2.712098609
Kai Jones,1170,550,-4.023591249,0.544143209,-3.47944804
Tre Jones,4249,1984,1.160957883,0.660776001,1.821733884
Tyus Jones,4386,2060,1.313659748,-1.318623184,-0.004963436
DeAndre Jordan,1253,600,-5.149958544,-1.785419994,-6.935378538
Cory Joseph,2543,1227,0.256320866,-1.457778214,-1.201457348
Nikola Jovic,450,217,-3.519753157,-0.870537445,-4.390290602
Johnny Juzang,508,232,-5.742051036,-4.099403205,-9.841454241
Mfiondu Kabengele,71,36,-3.864619988,-6.321475292,-10.18609528
Frank Kaminsky,499,235,-1.484595166,-3.85991834,-5.344513505
Trevor Keels,19,8,-19.08982661,-14.0900246,-33.17985121
Luke Kennard,2975,1422,1.403519659,-0.446304764,0.957214895
Walker Kessler,3600,1703,0.297456334,3.097932798,3.395389133
Braxton Key,21,9,-1.149318913,-0.460603536,-1.609922449
Louis King,63,29,5.302115204,-8.344867791,-3.042752587
Corey Kispert,4370,2093,-0.446205271,-2.07317209,-2.519377361
Maxi Kleber,1915,930,-3.038947036,-0.069613741,-3.108560778
Nathan Knight,655,296,-2.353762319,-1.865911792,-4.219674111
Kevin Knox II,2062,952,-2.638547231,-2.639720033,-5.278267263
Christian Koloko,1680,802,-2.838707001,2.313049376,-0.525657626
John Konchar,3305,1543,-0.949175358,3.332749421,2.383574062
Furkan Korkmaz,780,364,-3.086967385,0.036635559,-3.050331826
Luke Kornet,1760,836,-0.337332755,2.128805092,1.791472337
Vit Krejci,347,165,-2.199802976,-1.439053778,-3.638856754
Jonathan Kuminga,3121,1455,-2.615176779,0.018799393,-2.596377387
Kyle Kuzma,4683,2239,-1.01795863,0.513366453,-0.504592177
Anthony Lamb,2618,1226,-1.138260618,2.10385846,0.965597842
Jock Landale,2308,1092,-0.657571402,3.166652678,2.509081277
Romeo Langford,1822,844,-2.10068164,0.643136502,-1.457545138
Jake LaRavia,883,414,-3.061455942,-1.147080017,-4.208535959
Zach LaVine,5749,2768,2.283245997,-1.11912946,1.164116538
A.J. Lawson,239,108,-2.956494554,-3.911646973,-6.868141527
Damion Lee,3353,1595,-1.235758505,0.692471782,-0.543286723
Saben Lee,805,373,-2.647087199,0.683186767,-1.963900432
Alex Len,482,215,-4.167464954,3.945329445,-0.22213551
Kawhi Leonard,3760,1828,4.906030984,1.865048206,6.771079189
Meyers Leonard,256,119,-1.387016328,-6.761392704,-8.148409033
Caris LeVert,4880,2407,-0.405907308,1.730155561,1.324248252
Kira Lewis Jr.,498,235,0.726678731,-0.633058379,0.093620352
Damian Lillard,4380,2107,9.282637307,-1.466140133,7.816497175
Nassir Little,2024,976,-1.862641645,-2.857981824,-4.720623469
Isaiah Livers,2485,1199,-2.35214938,0.155241355,-2.196908025
Kenneth Lofton Jr.,393,188,-0.842618325,-5.817700803,-6.660319128
Kevon Looney,4890,2283,1.243693703,2.652139715,3.895833418
Brook Lopez,5475,2555,-0.732841548,4.953425735,4.220584187
Robin Lopez,633,305,-3.606880753,-1.880097622,-5.486978375
Kevin Love,3298,1599,-0.411267349,1.323224717,0.911957368
Kyle Lowry,4659,2317,1.031706461,0.296250952,1.327957413
Trey Lyles,2933,1365,-0.059182333,-0.519694193,-0.578876526
Theo Maledon,1821,854,-1.165137245,-1.469846062,-2.634983306
Sandro Mamukelashvili,1407,660,-2.6039494,-3.058788825,-5.662738225
Terance Mann,4137,2005,0.255800562,-0.603907281,-0.348106719
Tre Mann,2533,1183,-1.675095472,-0.617020714,-2.292116186
Boban Marjanovic,357,171,0.872592544,1.65467475,2.527267294
Lauri Markkanen,4786,2273,3.505799109,1.025140262,4.530939371
Naji Marshall,3774,1792,-0.94622205,-0.545914581,-1.492136631
Caleb Martin,5599,2771,-0.97383965,1.451848322,0.478008672
Cody Martin,291,134,-0.429759154,-2.367846922,-2.797606076
Kenyon Martin Jr.,4848,2292,-0.865847669,-3.217634371,-4.08348204
Tyrese Martin,137,66,-4.7609759,-4.819415115,-9.580391016
Garrison Mathews,1458,686,-0.690315954,3.673894142,2.983578188
Bennedict Mathurin,4780,2222,-0.92954784,-1.470976098,-2.400523937
Wesley Matthews,1874,861,-2.391800969,-0.164835491,-2.55663646
Tyrese Maxey,4918,2439,2.48083749,-0.694180568,1.786656922
Skylar Mays,418,189,1.90053139,-4.581240701,-2.680709311
Miles McBride,1620,780,-2.275302017,1.899944274,-0.375357743
Mac McClung,92,41,2.936065527,2.103089843,5.03915537
CJ McCollum,5497,2649,1.297039172,-1.382761564,-0.085722392
T.J. McConnell,3305,1526,0.360477109,1.879385646,2.239862755
Jalen McDaniels,4282,2015,-1.37112649,0.480737264,-0.890389226
Jaden McDaniels,5094,2416,-0.950208552,1.252126227,0.301917675
Doug McDermott,2858,1314,-1.207624098,-4.163341491,-5.370965589
JaVale McGee,756,355,-5.139306205,-0.703698226,-5.843004431
Bryce McGowens,1689,787,-4.051857423,-0.955745529,-5.007602952
Rodney McGruder,1103,524,0.878736744,-0.355134797,0.523601948
Jordan McLaughlin,1534,692,-0.317531783,0.474078233,0.156546449
De'Anthony Melton,4918,2424,-0.116197439,1.323658805,1.207461366
Sam Merrill,121,59,-0.382556733,-1.343891417,-1.72644815
Chimezie Metu,1533,695,-1.749518748,1.183842265,-0.565676483
Khris Middleton,2129,974,2.564404358,0.025965598,2.590369956
Patty Mills,1232,572,-1.007770892,-3.427505184,-4.435276076
Shake Milton,3353,1588,-0.228346346,-1.817417648,-2.045763994
Justin Minaya,195,89,-6.784722153,-6.709400071,-13.49412222
Josh Minott,233,102,-0.494460802,0.550203389,0.055742587
Davion Mitchell,3388,1587,-2.154371258,2.374673835,0.220302577
Donovan Mitchell,5302,2639,5.843208568,-1.13402043,4.709188138
Evan Mobley,5852,2903,-1.617209501,1.619955897,0.002746396
Isaiah Mobley,171,84,-0.501836874,5.268922917,4.767086043
Chima Moneke,18,8,-17.3873197,-11.14810481,-28.53542451
Malik Monk,4157,1924,1.688518429,-1.188475409,0.50004302
Moses Moody,2112,978,-1.284683044,-1.298861656,-2.5835447
Xavier Moon,40,20,-3.375491215,2.86949417,-0.505997045
Wendell Moore Jr.,351,155,-4.668678911,-1.056558484,-5.725237395
Ja Morant,4560,2135,4.486401255,0.976244155,5.46264541
Markieff Morris,789,355,-4.235558923,-1.645486748,-5.881045671
Marcus Morris Sr.,3874,1893,-1.620310237,-1.399252863,-3.019563101
Monte Morris,3518,1695,1.93282315,-1.253202135,0.679621015
Trey Murphy III,5132,2448,1.357714783,0.361295999,1.719010783
Dejounte Murray,6111,2883,0.731419545,-1.08845433,-0.357034785
Jamal Murray,6004,2932,3.570284213,-0.232939075,3.337345138
Keegan Murray,5451,2576,-0.279267906,-1.013591327,-1.292859233
Mike Muscala,2098,966,1.146111464,-0.91637485,0.229736614
Svi Mykhailiuk,990,468,0.818653419,1.140581746,1.959235165
Larry Nance Jr.,2897,1381,-0.602505391,2.592999133,1.990493742
Andrew Nembhard,4439,2073,-1.550744257,-0.706277945,-2.257022202
Aaron Nesmith,3874,1816,-0.931381946,-1.418984488,-2.350366434
Raul Neto,1035,512,-0.080289773,0.606087782,0.52579801
Georges Niang,3475,1669,-0.707872322,-2.354069839,-3.061942161
Daishen Nix,1924,914,-4.629263014,-2.6753441,-7.304607114
Zeke Nnaji,1517,740,-3.707297176,0.178218617,-3.529078558
Nerlens Noel,428,195,-7.84410762,0.576150929,-7.267956692
Jaylen Nowell,2863,1314,-0.061856759,-2.371111496,-2.432968255
Frank Ntilikina,1286,607,-3.955745942,-0.324659845,-4.280405787
Kendrick Nunn,2090,964,-1.389522888,-2.382494965,-3.772017853
Jusuf Nurkic,2886,1391,-1.084826102,2.02261483,0.937788729
Jordan Nwora,2565,1188,-1.671749418,-3.22815626,-4.899905678
Chuma Okeke,1083,518,-2.870658091,-1.974475235,-4.845133326
Josh Okogie,3196,1525,-0.381368233,3.143219105,2.761850872
Onyeka Okongwu,4198,1980,-0.277684321,1.013610724,0.735926402
Isaac Okoro,3533,1727,-0.909994218,1.071369371,0.161375153
KZ Okpala,552,248,-3.893179224,4.817788666,0.924609442
Victor Oladipo,2355,1151,-1.734594111,1.023480069,-0.711114041
Kelly Olynyk,4082,1942,0.16771278,0.530815675,0.698528455
Eugene Omoruyi,1335,645,-1.644419511,1.166556283,-0.477863228
Royce O'Neale,5168,2527,-0.961454485,0.955198791,-0.006255694
Cedi Osman,3332,1641,0.155456357,0.586893835,0.742350192
Kelly Oubre Jr.,3287,1548,-0.159964524,0.312066101,0.152101577
Chris Paul,4358,2139,2.193948267,-0.272173299,1.921774968
Cameron Payne,2341,1120,0.533439767,-1.405848328,-0.872408562
Gary Payton II,1171,559,0.848042614,-1.523990242,-0.675947628
Theo Pinson,699,323,-0.806856017,-3.24512833,-4.051984347
Scotty Pippen Jr.,67,32,-3.581584484,5.141436977,1.559852493
Mason Plumlee,4561,2145,1.259837419,-0.751141447,0.508695973
Jakob Poeltl,3992,1906,0.498955366,0.261069099,0.760024465
Aleksej Pokusevski,1516,701,-2.452482752,0.007875942,-2.444606809
Jordan Poole,5955,2742,-1.394187954,-1.833064273,-3.227252226
Kevin Porter Jr.,4208,2024,1.802663211,-0.534645043,1.268018169
Michael Porter Jr.,5078,2452,1.649003056,-1.879240064,-0.230237009
Otto Porter Jr.,306,146,-1.952780961,-0.68906667,-2.641847631
Bobby Portis,4103,1925,-0.031508921,-0.909581007,-0.941089928
Kristaps Porzingis,4381,2120,3.143316461,1.674959472,4.818275933
Micah Potter,117,52,-0.432781352,3.481445113,3.048663761
Dwight Powell,2969,1458,-0.479172744,1.176472866,0.697300123
Norman Powell,3672,1734,0.080266704,-1.64317124,-1.562904535
Jason Preston,266,125,-0.257790181,-2.888640367,-3.146430548
Joshua Primo,207,93,-3.04022093,2.454671598,-0.585549331
Taurean Prince,2818,1292,-2.207442593,-1.004874636,-3.21231723
Payton Pritchard,1450,700,-0.723438281,-0.343455602,-1.066893883
Trevelin Queen,152,70,-5.017222675,-1.669216914,-6.686439589
Neemias Queta,70,29,-6.364733883,-3.341955892,-9.706689774
Immanuel Quickley,5134,2519,0.974506118,2.376847041,3.351353159
Lester Quinones,41,18,-7.936213148,6.4910223,-1.445190848
Julius Randle,6218,3067,2.029299273,-1.261216486,0.768082787
Austin Reaves,5167,2422,3.037568479,1.568489604,4.606058082
Cam Reddish,2091,990,-3.244336891,-1.105381017,-4.349717908
Davon Reed,729,342,-5.569035537,0.014788913,-5.554246624
Paul Reed,1874,912,0.144677688,3.592513542,3.737191231
Naz Reid,2721,1251,-1.116811593,0.376412225,-0.740399368
Jared Rhoden,408,198,-2.28781348,-0.338084205,-2.625897685
Josh Richardson,3276,1530,-0.80513494,-0.972705303,-1.777840243
Nick Richards,2583,1217,-0.755947589,-1.331302398,-2.087249986
Austin Rivers,2262,1062,-2.284838182,-2.868145713,-5.152983895
Duncan Robinson,2253,1109,0.871146824,-2.944055472,-2.072908648
Jeremiah Robinson-Earl,1758,814,-1.125158421,-1.129350325,-2.254508746
Mitchell Robinson,3802,1889,0.662265617,2.344548013,3.00681363
Orlando Robinson,864,425,-1.259616644,-0.381416212,-1.641032856
Isaiah Roby,1027,474,-4.113076596,-1.246401145,-5.359477741
David Roddy,2851,1334,-2.937203968,-0.864508409,-3.801712376
Ryan Rollins,135,62,-15.94815726,-7.867776132,-23.81593339
Derrick Rose,739,341,-4.228878968,-0.64790315,-4.876782118
Terrence Ross,2935,1399,-0.458464705,-1.83326197,-2.291726675
Terry Rozier,4714,2221,0.680606956,-0.92139045,-0.240783494
Ricky Rubio,1192,583,-3.394015083,4.149976453,0.755961371
D'Angelo Russell,5848,2777,2.058439619,-1.938025608,0.120414011
Matt Ryan,687,310,-1.999732165,-2.285029021,-4.284761186
Domantas Sabonis,6254,2979,2.466118942,0.316718797,2.78283774
Luka Samanic,354,161,-2.711207851,-0.513714325,-3.224922176
Dario Saric,1693,806,-0.733971265,0.066928532,-0.667042733
Olivier Sarr,240,114,-2.858953762,-3.886758621,-6.745712382
Jordan Schakel,12,6,11.78000502,11.2692898,23.04929482
Admiral Schofield,941,451,-1.910520476,-2.434229457,-4.344749933
Dennis Schroder,5078,2403,-0.657550996,-0.197027852,-0.854578848
Jay Scrubb,64,30,1.861971432,-6.667199799,-4.805228367
Dereon Seabron,25,12,-0.812306822,-2.310955804,-3.123262626
Alperen Sengun,4522,2171,0.558543299,1.343939804,1.902483103
Collin Sexton,2440,1145,1.03756074,-1.590811982,-0.553251242
Landry Shamet,2085,991,-0.513668742,1.438185734,0.924516992
Day'Ron Sharpe,1216,572,-1.612812935,-5.432399859,-7.045212794
Shaedon Sharpe,3743,1779,-2.272351475,-2.734135739,-5.006487214
Pascal Siakam,5424,2652,2.274518031,-1.688450056,0.586067976
Chris Silva,8,3,-13.82825985,10.75220066,-3.076059186
Ben Simmons,2304,1105,-1.624439509,0.917447777,-0.706991732
Kobi Simmons,60,28,-6.115391158,2.184746944,-3.930644214
Anfernee Simons,4488,2171,1.791761638,-0.684837056,1.106924582
Marko Simonovic,49,20,-6.106366982,-6.830972053,-12.93733904
Jericho Sims,1646,812,-2.571739778,-0.018667078,-2.590406856
Marcus Smart,5478,2636,0.723571747,0.691447075,1.415018822
Dennis Smith Jr.,2957,1390,-3.01534292,3.464712355,0.449369435
Dru Smith,331,158,-2.635313093,1.54067644,-1.094636654
Ish Smith,864,410,-4.845323623,-0.902323035,-5.747646657
Jalen Smith,2759,1279,-2.418768329,-1.312886543,-3.731654871
Jabari Smith Jr.,5124,2451,-3.261084333,-1.462098894,-4.723183227
Xavier Sneed,105,48,-4.926098482,-0.714828509,-5.640926992
Jeremy Sochan,3109,1458,-1.941499699,-0.004782305,-1.946282003
Jaden Springer,226,106,1.592051575,-0.6294369,0.962614675
Lamar Stevens,2275,1129,-3.104789455,0.757589915,-2.34719954
Isaiah Stewart,2982,1414,-2.018829876,-0.062527573,-2.081357449
Max Strus,5918,2920,-0.496018393,-1.330243123,-1.826261516
Jalen Suggs,2641,1246,-0.310986744,3.185428127,2.874441383
Edmond Sumner,1588,740,-1.336847271,-1.005595516,-2.342442787
Cole Swider,91,41,0.932913389,-4.842843866,-3.909930477
Jae'Sean Tate,1426,677,-1.637331973,1.100167296,-0.537164677
Jayson Tatum,7273,3531,4.497103899,-0.322135282,4.174968617
Terry Taylor,580,264,-2.366744365,-3.173052821,-5.539797186
Garrett Temple,362,162,-2.304696614,0.619776325,-1.684920289
Dalen Terry,458,214,-0.287356488,2.214752698,1.927396211
Daniel Theis,232,109,-2.749876598,-5.446623959,-8.196500557
Cam Thomas,2019,964,-0.934630085,-1.57093056,-2.505560646
Klay Thompson,5934,2747,0.927633041,-1.122312811,-0.19467977
Tristan Thompson,64,32,-5.296502983,3.647150371,-1.649352613
JT Thor,2068,969,-5.06362111,-0.341453261,-5.405074371
Matisse Thybulle,2542,1200,-2.253114875,2.463758649,0.210643773
Xavier Tillman,2915,1363,-1.077805646,1.69274364,0.614937994
Isaiah Todd,134,61,-13.0567994,-3.701822095,-16.7586215
Obi Toppin,2556,1225,-0.995637857,-0.080233272,-1.075871129
Juan Toscano-Anderson,1513,700,-4.115269873,-0.684291866,-4.79956174
Karl-Anthony Towns,2401,1137,-0.518711164,0.436175281,-0.082535882
Gary Trent Jr.,4408,2118,0.363947663,-0.69610457,-0.332156907
P.J. Tucker,4424,2214,-2.34675147,-0.461777947,-2.808529417
Myles Turner,3848,1825,-0.195504137,-0.152472563,-0.3479767
Stanley Umude,4,2,12.3635262,46.99993458,59.36346078
Jonas Valanciunas,4093,1968,-0.663747426,-1.536445864,-2.200193291
Jarred Vanderbilt,4492,2126,-1.671074727,-0.128101276,-1.799176003
Fred VanVleet,5188,2535,3.846770329,1.19643513,5.043205459
Devin Vassell,2544,1178,0.439872181,-0.516684031,-0.07681185
Gabe Vincent,4946,2431,-0.921093404,0.242837528,-0.678255875
Noah Vonleh,359,171,-4.829556698,-1.964185464,-6.793742162
Nikola Vucevic,5681,2746,-0.713066329,-0.673478542,-1.386544872
Dean Wade,1848,902,-2.907962151,1.816300789,-1.091661362
Franz Wagner,5497,2609,0.817543474,1.843662604,2.661206078
Moritz Wagner,2364,1109,-0.384544311,1.990909061,1.60636475
Ish Wainright,1979,936,-0.998944316,0.85109219,-0.147852126
Jabari Walker,1329,619,-4.637460565,-2.469947402,-7.107407967
Kemba Walker,292,144,2.051539375,-1.445668019,0.605871356
Lonnie Walker IV,3180,1476,-2.222192781,-2.227380428,-4.44957321
John Wall,1615,755,-3.102153743,-1.325816492,-4.427970236
T.J. Warren,1634,768,-1.908071197,-0.726150485,-2.634221682
Duane Washington Jr.,838,394,-0.513839471,-1.689916709,-2.20375618
P.J. Washington,5117,2380,-1.908624975,-1.316248536,-3.224873511
TyTy Washington Jr.,910,433,-3.20057876,-3.355375655,-6.555954415
Yuta Watanabe,1976,933,-1.166959045,0.329480982,-0.837478063
Lindy Waters III,1143,531,0.976657023,0.123948889,1.100605912
Trendon Watford,2475,1182,-1.984766265,-0.736711517,-2.721477782
Peyton Watson,412,200,-4.108800943,-3.036053528,-7.144854471
Blake Wesley,1460,669,-7.289417506,-3.908103382,-11.19752089
Russell Westbrook,5031,2318,0.641238488,-2.181677298,-1.54043881
Coby White,3640,1730,1.092354081,0.213338191,1.305692272
Derrick White,6019,2912,1.938167754,2.509252864,4.447420618
Jack White,134,66,-0.59232575,2.065098441,1.472772691
Joe Wieskamp,108,50,-7.258368979,4.721960266,-2.536408713
Aaron Wiggins,2767,1297,-0.806134741,-0.530024868,-1.336159609
Andrew Wiggins,3527,1632,-0.90170054,1.786425209,0.884724668
Lindell Wigginton,188,87,-0.878560458,-3.192720865,-4.071281323
Alondes Williams,11,5,-27.87341656,-19.49235038,-47.36576694
Donovan Williams,9,4,23.28730024,20.44834018,43.73564042
Grant Williams,4780,2310,-0.606583346,-0.651227963,-1.257811309
Jalen Williams,4906,2276,-0.720326784,-0.859610839,-1.579937623
Jaylin Williams,1946,914,-2.589394623,2.248507152,-0.340887471
Jeenathan Williams,283,127,0.185195049,-7.029016966,-6.843821917
Kenrich Williams,2559,1206,-0.4835139,2.919460665,2.435946765
Mark Williams,1766,828,-2.402782434,1.142763057,-1.260019377
Patrick Williams,4842,2323,-2.53184437,-0.392393176,-2.924237546
Robert Williams III,2571,1241,0.03097859,1.702552748,1.733531338
Vince Williams Jr.,224,105,-8.477467021,0.047326162,-8.430140859
Zion Williamson,2035,956,3.171237284,0.415997485,3.587234769
Ziaire Williams,1227,573,-5.013454249,2.94549692,-2.067957329
Dylan Windler,18,10,2.225311151,5.792381114,8.017692265
Justise Winslow,1599,776,-2.624263105,1.545481273,-1.078781832
James Wiseman,1829,867,-3.915448905,-4.390699507,-8.306148412
Christian Wood,3518,1738,0.329350476,-0.761358409,-0.432007933
Delon Wright,2530,1221,1.029985707,3.497377527,4.527363234
McKinley Wright IV,700,335,-3.368488829,-0.994203544,-4.362692373
Gabe York,118,56,1.037717781,1.046157302,2.083875083
Thaddeus Young,1642,795,-2.04853601,0.155497488,-1.893038522
Trae Young,6020,2771,4.871940089,-0.925286168,3.946653921
Omer Yurtseven,212,99,0.607970377,-7.089558089,-6.481587711
Cody Zeller,801,391,-2.271126525,-3.793704742,-6.064831267
Ivica Zubac,4721,2300,-2.062918329,1.589006206,-0.473912123
